RuntimeManagerAPIName,ServerName,ArtefactID,RuntimeStatus,RuntimeAPIUpTime,APIMangerAPIName,AutodiscoveryInstanceName,AutodiscoveryApiName,ProductVersion,LastActiveDate,CreatedDate,UpdatedDate,PolicyName,PolicyStatus,PolicyCreatedDate,PolicyUpdatedDate
sys_claims_activitysearch_api,r1c3dev_awsbdlc3dmua01,sys_claims_activitysearch_api-1.0.1-217.zip,STARTED,17.4days,activity-search-api,v1:16059067,groupId:80b9d969-5f1f-4d34-9e3d-9318f1ad915a:assetId:activity-search-api,v1,2020-06-19T16:14:10.358Z,2020-03-16T11:59:03.536Z,,Custom - LDAPs Cache - v3,enabled,2020-03-16T11:59:03.536Z,
sys_opentext_documents_docarchive_api,r1c3dev_awsbdlc3dmua01,sys_opentext_documents_docarchive_api-1.0.1-379.zip,STARTED,11.23days,sys_opentext_documents_docarchive_api,v1:16060317,groupId:80b9d969-5f1f-4d34-9e3d-9318f1ad915a:assetId:sys_opentext_documents_docarchive_api,v1,2020-06-19T16:14:11.389Z,2020-03-17T05:12:08.266Z,,Custom - LDAPs Cache - v4,enabled,2020-03-17T05:12:08.266Z,
sys_dataplatform_Barring_api,r1c3dev_awsbdlc3dmua01,sys_dataplatform_Barring_api-1.0.1-415.zip,STARTED,7.07days,barring-api,v1:16059068,groupId:80b9d969-5f1f-4d34-9e3d-9318f1ad915a:assetId:barring-api,v1,2020-06-19T16:14:11.812Z,2020-03-16T11:59:54.675Z,,Custom - LDAPs Cache - v3,enabled,2020-03-16T11:59:54.675Z,2020-06-05T15:05:28.177Z
sys_billing_policy_api,r1c3dev_awsbdlc3dmua01,sys_billing_policy_api-1.0.1-364.zip,STARTED,16.3days,billing-policy-api,v1:16162101,groupId:80b9d969-5f1f-4d34-9e3d-9318f1ad915a:assetId:billing-policy-api,v1,2020-06-19T16:14:13.200Z,2020-05-21T07:31:52.446Z,,Custom - LDAPs Cache - v3,enabled,2020-05-21T07:31:52.446Z,
sys_carweb_api,r1c3dev_awsbdlc3dmua01,sys_carweb_api-1.0.1-222.zip,STARTED,17.4days,carweb-api,v1:16059077,groupId:80b9d969-5f1f-4d34-9e3d-9318f1ad915a:assetId:carweb-api,v1,2020-06-19T16:14:16.032Z,2020-03-16T12:01:26.027Z,,Custom - HTTP Cache Redis Carweb - v3,enabled,2020-06-19T05:47:25.299Z,2020-06-19T06:59:16.137Z
sys_claims_claimsearch_api,r1c3dev_awsbdlc3dmua01,sys_claims_claimsearch_api-1.0.1-217.zip,STARTED,17.4days,claim-search-api,v1:16072099,groupId:80b9d969-5f1f-4d34-9e3d-9318f1ad915a:assetId:claim-search-api,v1,2020-06-19T16:14:12.248Z,2020-03-24T14:18:58.063Z,,Custom - LDAPs Cache - v3,enabled,2020-03-24T14:18:58.063Z,
exp_confused_policy_motorquote_api,r1c3dev_awsbdlc3dmua01,exp_confused_policy_motorquote_api-1.0.1-484.zip,STARTED,1.37days,confused-pcw-api,v1:16059080,groupId:80b9d969-5f1f-4d34-9e3d-9318f1ad915a:assetId:confused-pcw-api,v1,2020-06-19T16:14:12.994Z,2020-03-16T12:03:07.630Z,,Custom - LDAPs Cache - v3,Disabled,2020-03-16T12:03:07.630Z,2020-03-19T07:48:42.205Z
sys_claims_cm_api,r1c3dev_awsbdlc3dmua01,sys_claims_cm_api-1.0.1-354.zip,STARTED,17.4days,contact-manager-api,v1:16059082,groupId:80b9d969-5f1f-4d34-9e3d-9318f1ad915a:assetId:contact-manager-api,v1,2020-06-19T16:14:15.309Z,2020-03-16T12:03:55.724Z,,Custom - LDAPs Cache - v3,enabled,2020-03-16T12:03:55.724Z,
exp_claims_policysearch_api,r1c3dev_awsbdlc3dmua01,exp_claims_policysearch_api-1.0.1-365.zip,STARTED,16.15days,cross-version-policy-search-api,v1:16059186,groupId:80b9d969-5f1f-4d34-9e3d-9318f1ad915a:assetId:cross-version-policy-search-api,v1,2020-06-19T16:14:13.302Z,2020-03-16T12:55:44.031Z,,Custom - LDAPs Cache - v3,Disabled,2020-03-16T12:55:44.031Z,2020-03-19T07:48:09.558Z
exp_ctm_policy_motorquote_api,r1c3dev_awsbdlc3dmua01,exp_ctm_policy_motorquote_api-1.0.1-481.zip,STARTED,1.37days,ctm-pcw-api,v1:16059084,groupId:80b9d969-5f1f-4d34-9e3d-9318f1ad915a:assetId:ctm-pcw-api,v1,2020-06-19T16:14:14.991Z,2020-03-16T12:04:46.691Z,,Custom - LDAPs Cache - v3,Disabled,2020-03-16T12:04:46.691Z,2020-03-19T07:49:16.773Z
sys_claims_detica_api,r1c3dev_awsbdlc3dmua01,sys_claims_detica_api-1.0.1-294.zip,STARTED,17.4days,detica-api,v1:16059086,groupId:80b9d969-5f1f-4d34-9e3d-9318f1ad915a:assetId:detica-api,v1,2020-06-19T16:14:06.778Z,2020-03-16T12:05:42.704Z,,Custom - LDAPs Cache - v3,enabled,2020-03-16T12:05:42.704Z,
exp_digital_account_policy_details_api,r1c3dev_awsbdlc3dmua01,exp_digital_account_policy_details_api-1.0.1-217.zip,STARTED,17.39days,digital-account-policy-details-api,1.0:16059189,groupId:80b9d969-5f1f-4d34-9e3d-9318f1ad915a:assetId:digital-account-policy-details-api,1.0,2020-06-19T16:14:16.887Z,2020-03-16T12:56:34.062Z,,Custom - LDAPs Cache - v4,Disabled,2020-03-16T12:56:34.062Z,2020-03-19T07:50:10.161Z
exp_digital_addresslookup_api,r1c3dev_awsbdlc3dmua01,exp_digital_addresslookup_api-1.0.1-217.zip,STARTED,17.4days,digital-address-lookup-api,v1:16059088,groupId:80b9d969-5f1f-4d34-9e3d-9318f1ad915a:assetId:digital-address-lookup-api,v1,2020-06-19T16:14:07.840Z,2020-03-16T12:06:42.993Z,,Custom - LDAPs Cache - v4,Disabled,2020-03-16T12:06:42.993Z,2020-03-19T07:51:14.073Z
exp_digital_policychange_api,r1c3dev_awsbdlc3dmua01,exp_digital_policychange_api-1.0.1-412.zip,STARTED,7.13days,digital-policy-change-api,1.0.0:16059090,groupId:80b9d969-5f1f-4d34-9e3d-9318f1ad915a:assetId:digital-policy-change-api,1.0.0,2020-06-19T16:14:09.422Z,2020-03-16T12:07:38.165Z,,Custom - LDAPs Cache - v4,enabled,2020-03-16T12:07:38.165Z,
exp_digital_policy_documents_api,r1c3dev_awsbdlc3dmua01,exp_digital_policy_documents_api-1.0.1-343.zip,STARTED,17.4days,digital-policy-documents-api,1.0.0:16059091,groupId:80b9d969-5f1f-4d34-9e3d-9318f1ad915a:assetId:digital-policy-documents-api,1.0.0,2020-06-19T16:14:13.823Z,2020-03-16T12:08:32.486Z,,Custom - LDAPs Cache - v4,enabled,2020-03-16T12:08:32.486Z,
,,,,,digital-policy-license-lookup,v1:16211441,groupId:80b9d969-5f1f-4d34-9e3d-9318f1ad915a:assetId:digital-policy-license-lookup,v1,2020-06-19T16:14:17.306Z,2020-06-18T09:11:15.166Z,,,,,
prc_digital_policy_quote_api,r1c3dev_awsbdlc3dmua01,prc_digital_policy_quote_api-1.0.1-363.zip,STARTED,16.45days,digital-policy-quote-api,1.0:16059093,groupId:80b9d969-5f1f-4d34-9e3d-9318f1ad915a:assetId:digital-policy-quote-api,1.0,2020-06-19T16:14:07.324Z,2020-03-16T12:09:22.804Z,,Custom - LDAPs Cache - v4,enabled,2020-03-16T12:09:22.804Z,
exp_digital_policy_submission_api,r1c3dev_awsbdlc3dmua01,exp_digital_policy_submission_api-1.0.1-501.zip,STARTED,.36days,digital-policy-submission-api,1.0:16059191,groupId:80b9d969-5f1f-4d34-9e3d-9318f1ad915a:assetId:digital-policy-submission-api,1.0,2020-06-19T16:14:17.096Z,2020-03-16T12:57:21.573Z,,Custom - LDAPs Cache - v4,Disabled,2020-03-16T12:57:21.573Z,
exp_digital_policy_retrievequote_proxy_api,r1c3dev_awsbdlc3dmua01,exp_digital_policy_retrievequote_proxy_api-1.0.0-170.zip,STARTED,17.4days,digital-retrieve-quote,1.0:16162103,groupId:80b9d969-5f1f-4d34-9e3d-9318f1ad915a:assetId:digital-retrieve-quote,1.0,2020-06-19T16:14:11.500Z,2020-05-21T07:33:55.768Z,,Custom - JWT Okta Validation - v3,enabled,2020-05-21T07:33:55.768Z,
prc_digital_policy_retrievequote_api,r1c3dev_awsbdlc3dmua01,prc_digital_policy_retrievequote_api-1.0.1-169.zip,STARTED,17.4days,digital-retrieve-quote-process-api,1.0:16059040,groupId:80b9d969-5f1f-4d34-9e3d-9318f1ad915a:assetId:digital-retrieve-quote-process-api,1.0,2020-06-19T16:14:15.826Z,2020-03-16T11:43:29.913Z,,Custom - LDAPs Cache - v4,enabled,2020-03-16T11:43:29.913Z,
exp_digital_policy_retrievequote_unauth_proxy_api,r1c3dev_awsbdlc3dmua01,exp_digital_policy_retrievequote_unauth_proxy_api-1.0.1-19.zip,STARTED,17.4days,digital-retrieve-quote-unauthenticated,1.0:16059041,groupId:80b9d969-5f1f-4d34-9e3d-9318f1ad915a:assetId:digital-retrieve-quote-unauthenticated,1.0,2020-06-19T16:14:13.403Z,2020-03-16T11:44:18.220Z,,Custom - Redis Cache Token validation - v7,enabled,2020-03-16T11:44:18.220Z,
sys_digital_vehiclelookup_api,r1c3dev_awsbdlc3dmua01,sys_digital_vehiclelookup_api-1.0.1-328.zip,STARTED,17.4days,digital-vehicle-lookup-api,v1:16059107,groupId:80b9d969-5f1f-4d34-9e3d-9318f1ad915a:assetId:digital-vehicle-lookup-api,v1,2020-06-19T16:14:15.723Z,2020-03-16T12:23:07.160Z,,Custom - LDAPs Cache - v4,enabled,2020-03-16T12:23:07.160Z,
exp_digital_vrnlookup_api,r1c3dev_awsbdlc3dmua01,exp_digital_vrnlookup_api-1.0.1-329.zip,STARTED,17.4days,digital-vrn-lookup-api,1.0.0:16059109,groupId:80b9d969-5f1f-4d34-9e3d-9318f1ad915a:assetId:digital-vrn-lookup-api,1.0.0,2020-06-19T16:14:11.286Z,2020-03-16T12:23:58.319Z,,Custom - LDAPs Cache - v4,enabled,2020-03-16T12:23:58.319Z,
sys_opentext_documents_docarchiveinb_api,r1c3dev_awsbdlc3dmua01,sys_opentext_documents_docarchiveinb_api-1.0.1-278.zip,STARTED,17.4days,document-inboundguidewire-to-opentext,v1:16059193,groupId:80b9d969-5f1f-4d34-9e3d-9318f1ad915a:assetId:document-inboundguidewire-to-opentext,v1,2020-06-19T16:14:10.043Z,2020-03-16T12:58:10.838Z,,Custom - LDAPs Cache - v3,enabled,2020-03-16T12:58:10.838Z,
sys_claims_dvla_api,r1c3dev_awsbdlc3dmua01,sys_claims_dvla_api-1.0.1-267.zip,STARTED,17.4days,sysclaimsdvlaapi,v1:16059224,groupId:80b9d969-5f1f-4d34-9e3d-9318f1ad915a:assetId:sysclaimsdvlaapi,v1,2020-06-19T16:14:05.510Z,2020-03-16T13:11:05.425Z,,,,,
sys_claims_dvla_api,r1c3dev_awsbdlc3dmua01,sys_claims_dvla_api-1.0.1-267.zip,STARTED,17.4days,dvla-batch-api,v1:16162104,groupId:80b9d969-5f1f-4d34-9e3d-9318f1ad915a:assetId:dvla-batch-api,v1,2020-06-19T16:14:05.616Z,2020-05-21T07:34:42.533Z,,Custom - LDAP Cache,Disabled,2020-05-21T07:34:42.533Z,
sys_email_documents_distribution_api,r1c3dev_awsbdlc3dmua01,sys_email_documents_distribution_api-1.0.1-259.zip,STARTED,17.4days,email-document-distribution-api,v1:16059110,groupId:80b9d969-5f1f-4d34-9e3d-9318f1ad915a:assetId:email-document-distribution-api,v1,2020-06-19T16:14:08.050Z,2020-03-16T12:24:52.989Z,,Custom - LDAPs Cache - v4,enabled,2020-03-16T12:24:52.989Z,
prc_policy_getEnrichedRatingAndUWData_api,r1c3dev_awsbdlc3dmua01,prc_policy_getEnrichedRatingAndUWData_api-1.0.1-486.zip,STARTED,1.37days,enrichment-and-uwdata-api,v1:16059114,groupId:80b9d969-5f1f-4d34-9e3d-9318f1ad915a:assetId:enrichment-and-uwdata-api,v1,2020-06-19T16:14:08.487Z,2020-03-16T12:25:42.524Z,,Custom - LDAPs Cache - v3,enabled,2020-03-16T12:25:42.524Z,2020-06-08T11:00:42.966Z
exp_ccm_account_policy_summary_api,r1c3dev_awsbdlc3dmua01,exp_ccm_account_policy_summary_api-1.0.0-298.zip,STARTED,17.4days,exp-ccm-account-policy-summary-api,v1:16059042,groupId:80b9d969-5f1f-4d34-9e3d-9318f1ad915a:assetId:exp-ccm-account-policy-summary-api,v1,2020-06-19T16:14:15.513Z,2020-03-16T11:45:06.595Z,,Custom - Salesforce Azure JWT Validation v1,Disabled,2020-03-16T11:45:06.595Z,2020-03-19T07:47:00.261Z
exp_ccm_search_account_api,r1c3dev_awsbdlc3dmua01,exp_ccm_search_account_api-1.0.0-356.zip,STARTED,17.39days,exp-ccm-search-account-api,v1:16059043,groupId:80b9d969-5f1f-4d34-9e3d-9318f1ad915a:assetId:exp-ccm-search-account-api,v1,2020-06-19T16:14:16.563Z,2020-03-16T11:45:54.374Z,,Custom - Salesforce Azure JWT Validation v1,Disabled,2020-03-16T11:45:54.374Z,
exp_dg_marketingpreferences_api,r1c3dev_awsbdlc3dmua01,exp_dg_marketingpreferences_api-1.0.0-157.zip,STARTED,17.4days,exp-dg-marketing-preferences-api,v1:16059001,groupId:80b9d969-5f1f-4d34-9e3d-9318f1ad915a:assetId:exp-dg-marketing-preferences-api,v1,2020-06-19T16:14:10.872Z,2020-03-16T11:25:35.844Z,,Custom - Salesforce Azure JWT Validation v1,Disabled,2020-03-16T11:25:35.844Z,2020-03-19T07:49:42.668Z
exp_digital_policy_renewals_api,r1c3dev_awsbdlc3dmua01,exp_digital_policy_renewals_api-1.0.0-413.zip,STARTED,7.13days,exp_digital_policy_renewals_api,1.0.0:16059045,groupId:80b9d969-5f1f-4d34-9e3d-9318f1ad915a:assetId:exp_digital_policy_renewals_api,1.0.0,2020-06-19T16:14:15.931Z,2020-03-16T11:47:29.614Z,,Custom - LDAPs Cache - v4,enabled,2020-03-16T11:47:29.614Z,
sys_experian_bankwizard_account,r1c3dev_awsbdlc3dmua01,sys_experian_bankwizard_account-1.0.1-224.zip,STARTED,17.4days,experian-bankwizard-api,v1:16060314,groupId:80b9d969-5f1f-4d34-9e3d-9318f1ad915a:assetId:experian-bankwizard-api,v1,2020-06-19T16:14:06.135Z,2020-03-17T05:09:39.727Z,,Custom - LDAPs Cache - v3,enabled,2020-03-17T05:09:39.727Z,
sys_experian_crosscore_fraudCheck_api,r1c3dev_awsbdlc3dmua01,sys_experian_crosscore_fraudCheck_api-1.0.1-293.zip,STARTED,17.4days,experian-crosscore-api,1.0:16059116,groupId:80b9d969-5f1f-4d34-9e3d-9318f1ad915a:assetId:experian-crosscore-api,1.0,2020-06-19T16:14:14.665Z,2020-03-16T12:27:27.366Z,,,,,
sys_experian_icache_creditscore_api,r1c3dev_awsbdlc3dmua01,sys_experian_icache_creditscore_api-1.0.1-367.zip,STARTED,15.43days,experian-icache-api,v1:16059194,groupId:80b9d969-5f1f-4d34-9e3d-9318f1ad915a:assetId:experian-icache-api,v1,2020-06-19T16:14:10.563Z,2020-03-16T12:59:00.951Z,,Custom - LDAPs Cache - v3,enabled,2020-03-16T12:59:00.951Z,
exp_gw_activities_api,r1c3dev_awsbdlc3dmua01,exp_gw_activities_api-1.0.0-135.zip,STARTED,17.4days,exp-gw-activities,v1:16060310,groupId:80b9d969-5f1f-4d34-9e3d-9318f1ad915a:assetId:exp-gw-activities,v1,2020-06-19T16:14:07.220Z,2020-03-17T05:07:10.028Z,,Custom - Salesforce Azure JWT Validation v1,enabled,2020-03-17T05:07:10.028Z,
exp_gw_marketingpreferences_api,r1c3dev_awsbdlc3dmua01,exp_gw_marketingpreferences_api-1.0.0-48.zip,STARTED,17.4days,exp-gw-marketing-preferences-api,v1:16059003,groupId:80b9d969-5f1f-4d34-9e3d-9318f1ad915a:assetId:exp-gw-marketing-preferences-api,v1,2020-06-19T16:14:06.030Z,2020-03-16T11:27:17.325Z,,Custom - Salesforce Azure JWT Validation v1,enabled,2020-03-16T11:27:17.325Z,
exp_msm_policy_motorquote_api,r1c3dev_awsbdlc3dmua01,exp_msm_policy_motorquote_api-1.0.1-483.zip,STARTED,1.37days,expmsmpolicymotorquoteapi,v1:16059196,groupId:80b9d969-5f1f-4d34-9e3d-9318f1ad915a:assetId:expmsmpolicymotorquoteapi,v1,2020-06-19T16:14:09.837Z,2020-03-16T12:59:49.524Z,,Custom - LDAPs Cache - v3,enabled,2020-03-16T12:59:49.524Z,
exp_sf_addresslookup_api,r1c3dev_awsbdlc3dmua01,exp_sf_addresslookup_api-1.0.0-359.zip,STARTED,17.4days,exp-sf-address-lookup-api,v1:16059006,groupId:80b9d969-5f1f-4d34-9e3d-9318f1ad915a:assetId:exp-sf-address-lookup-api,v1,2020-06-19T16:14:05.928Z,2020-03-16T11:28:06.034Z,,Custom - Salesforce Azure JWT Validation v1,enabled,2020-03-16T11:28:06.034Z,
exp_sf_customer_account_api,r1c3dev_awsbdlc3dmua01,exp_sf_customer_account_api-1.0.0-369.zip,STARTED,14.29days,exp_sf_customer_account_api,1.0:16059046,groupId:80b9d969-5f1f-4d34-9e3d-9318f1ad915a:assetId:exp_sf_customer_account_api,1.0,2020-06-19T16:14:10.459Z,2020-03-16T11:48:22.288Z,,Custom - Salesforce Azure JWT Validation v1,enabled,2020-03-16T11:48:22.288Z,
exp_sf_customer_submission_api,r1c3dev_awsbdlc3dmua01,exp_sf_customer_submission_api-1.0.1-145.zip,STARTED,17.4days,exp-sf-customer-submission-api,1.0:16059020,groupId:80b9d969-5f1f-4d34-9e3d-9318f1ad915a:assetId:exp-sf-customer-submission-api,1.0,2020-06-19T16:14:06.559Z,2020-03-16T11:32:15.496Z,,Custom - Salesforce Azure JWT Validation v1,enabled,2020-03-16T11:32:15.496Z,
exp_sf_marketingpreferences_api,r1c3dev_awsbdlc3dmua01,exp_sf_marketingpreferences_api-1.0.0-233.zip,STARTED,17.4days,exp-sf-marketing-preferences-api,v1:16064633,groupId:80b9d969-5f1f-4d34-9e3d-9318f1ad915a:assetId:exp-sf-marketing-preferences-api,v1,2020-06-19T16:14:10.976Z,2020-03-19T03:57:29.302Z,,Custom - Salesforce Azure JWT Validation v1,enabled,2020-03-19T03:57:29.302Z,
exp_sf_odata_api,r1c3dev_awsbdlc3dmua01,exp_sf_odata_api-1.0.0-302.zip,STARTED,17.39days,exp-sf-odata-api,v1:16059017,groupId:80b9d969-5f1f-4d34-9e3d-9318f1ad915a:assetId:exp-sf-odata-api,v1,2020-06-19T16:14:16.343Z,2020-03-16T11:30:36.872Z,,Custom - Salesforce Azure JWT Validation v1,enabled,2020-03-16T11:30:36.872Z,2020-05-26T14:58:34.239Z
exp_sf_soparano_sms_api,r1c3dev_awsbdlc3dmua01,exp_sf_soparano_sms_api-1.0.0-357.zip,STARTED,14.32days,exp-sf-soparano-sms-api,v1:16059018,groupId:80b9d969-5f1f-4d34-9e3d-9318f1ad915a:assetId:exp-sf-soparano-sms-api,v1,2020-06-19T16:14:14.349Z,2020-03-16T11:31:25.121Z,,Custom - Salesforce Azure JWT Validation v1,Disabled,2020-03-16T11:31:25.121Z,2020-03-19T07:35:05.554Z
,,,,,exp-sf-submission-api,v1:16066800,groupId:80b9d969-5f1f-4d34-9e3d-9318f1ad915a:assetId:exp-sf-submission-api,v1,2020-06-19T16:14:07.116Z,2020-03-20T10:18:17.022Z,,Custom - Salesforce Azure JWT Validation v1,enabled,2020-03-20T10:18:17.022Z,
,,,,,exp-sf-vehicle-api,v1:16059044,groupId:80b9d969-5f1f-4d34-9e3d-9318f1ad915a:assetId:exp-sf-vehicle-api,v1,2020-06-19T16:14:06.892Z,2020-03-16T11:46:40.881Z,,Custom - Salesforce Azure JWT Validation v1,enabled,2020-03-16T11:46:40.881Z,2020-06-01T08:49:45.528Z
sys_fax_documents_distribution_api,r1c3dev_awsbdlc3dmua01,sys_fax_documents_distribution_api-1.0.1-289.zip,STARTED,17.4days,fax-document-distribution-api,v1:16059119,groupId:80b9d969-5f1f-4d34-9e3d-9318f1ad915a:assetId:fax-document-distribution-api,v1,2020-06-19T16:14:12.564Z,2020-03-16T12:28:18.164Z,,Custom - LDAPs Cache - v4,enabled,2020-03-16T12:28:18.164Z,
sys_policycenter_policy_finalpricing_api,r1c3dev_awsbdlc3dmua01,sys_policycenter_policy_finalpricing_api-1.0.1-319.zip,STARTED,17.4days,final-pricing-api,v1:16059203,groupId:80b9d969-5f1f-4d34-9e3d-9318f1ad915a:assetId:final-pricing-api,v1,2020-06-19T16:14:08.367Z,2020-03-16T13:00:37.716Z,,Custom - LDAPs Cache - v3,enabled,2020-03-16T13:00:37.716Z,
exp_floow_policy_statusupdate_api,r1c3dev_awsbdlc3dmua01,exp_floow_policy_statusupdate_api-1.0.1-230.zip,STARTED,17.4days,floow-statusupdate-api,1.0:16059120,groupId:80b9d969-5f1f-4d34-9e3d-9318f1ad915a:assetId:floow-statusupdate-api,1.0,2020-06-19T16:14:07.427Z,2020-03-16T12:29:07.855Z,,Custom - LDAPs Cache - v4,enabled,2020-03-16T12:29:07.855Z,
sys_policycenter_policy_getcoverages_api,r1c3dev_awsbdlc3dmua01,sys_policycenter_policy_getcoverages_api-1.0.1-178.zip,STARTED,17.4days,get-coverages-proxy-api,v1:16162107,groupId:80b9d969-5f1f-4d34-9e3d-9318f1ad915a:assetId:get-coverages-proxy-api,v1,,2020-05-21T07:37:24.282Z,,Custom - LDAP Cache,Disabled,2020-05-21T07:37:24.282Z,
sys_opentext_documents_docarchiveinb_api,r1c3dev_awsbdlc3dmua01,sys_opentext_documents_docarchiveinb_api-1.0.1-278.zip,STARTED,17.4days,getdocument-contentgw-to-opentext,v1:16059208,groupId:80b9d969-5f1f-4d34-9e3d-9318f1ad915a:assetId:getdocument-contentgw-to-opentext,v1,2020-06-19T16:14:10.143Z,2020-03-16T13:01:25.300Z,,Custom - LDAPs Cache - v3,enabled,2020-03-16T13:01:25.300Z,
exp_gocompare_policy_motorquote_api,r1c3dev_awsbdlc3dmua01,exp_gocompare_policy_motorquote_api-1.0.1-482.zip,STARTED,1.37days,gocompare-pcw-api,v1:16059122,groupId:80b9d969-5f1f-4d34-9e3d-9318f1ad915a:assetId:gocompare-pcw-api,v1,2020-06-19T16:14:11.704Z,2020-03-16T12:29:57.437Z,,Custom - LDAPs Cache - v3,enabled,2020-03-16T12:29:57.437Z,
sys_guidewire_documents_docarchive_api,r1c3dev_awsbdlc3dmua01,sys_guidewire_documents_docarchive_api-1.0.1-257.zip,STARTED,17.4days,notify-document-upload,v1:16059212,groupId:80b9d969-5f1f-4d34-9e3d-9318f1ad915a:assetId:notify-document-upload,v1,2020-06-19T16:14:12.669Z,2020-03-16T13:03:47.257Z,,Custom - LDAPs Cache - v4,enabled,2020-03-16T13:03:47.257Z,
sys_guidewire_documents_docarchive_api,r1c3dev_awsbdlc3dmua01,sys_guidewire_documents_docarchive_api-1.0.1-257.zip,STARTED,17.4days,search-claimandpolicy-number,v1:16059221,groupId:80b9d969-5f1f-4d34-9e3d-9318f1ad915a:assetId:search-claimandpolicy-number,v1,2020-06-19T16:14:12.772Z,2020-03-16T13:08:37.824Z,,Custom - LDAPs Cache - v4,enabled,2020-03-16T13:08:37.824Z,
sys_guidewire_documents_docarchive_api,r1c3dev_awsbdlc3dmua01,sys_guidewire_documents_docarchive_api-1.0.1-257.zip,STARTED,17.4days,sync-documenttypes,v1:16059222,groupId:80b9d969-5f1f-4d34-9e3d-9318f1ad915a:assetId:sync-documenttypes,v1,2020-06-19T16:14:12.876Z,2020-03-16T13:09:26.185Z,,Custom - LDAPs Cache - v4,enabled,2020-03-16T13:09:26.185Z,
sys_hopewiser_api,r1c3dev_awsbdlc3dmua01,sys_hopewiser_api-1.0.1-256.zip,STARTED,17.4days,hopewiser-api,v1:16059209,groupId:80b9d969-5f1f-4d34-9e3d-9318f1ad915a:assetId:hopewiser-api,v1,2020-06-19T16:14:15.206Z,2020-03-16T13:02:12.711Z,,Custom - LDAPs Cache - v3,enabled,2020-03-16T13:02:12.711Z,
sys_largepricingtable_ratingfactor_api,r1c3dev_awsbdlc3dmua01,sys_largepricingtable_ratingfactor_api-1.0.1-280.zip,STARTED,17.4days,largepricingtable-ratingfactor-api,1.0.0:16059132,groupId:80b9d969-5f1f-4d34-9e3d-9318f1ad915a:assetId:largepricingtable-ratingfactor-api,1.0.0,2020-06-19T16:14:06.242Z,2020-03-16T12:30:48.647Z,,Custom - LDAPs Cache - v4,Disabled,2020-03-16T12:30:48.647Z,2020-03-19T07:19:47.557Z
sys_lexisnexis_ncd_api,r1c3dev_awsbdlc3dmua01,sys_lexisnexis_ncd_api-1.0.1-260.zip,STARTED,17.4days,lexisnexis-ncd-api,v1:16059211,groupId:80b9d969-5f1f-4d34-9e3d-9318f1ad915a:assetId:lexisnexis-ncd-api,v1,2020-06-19T16:14:07.632Z,2020-03-16T13:02:58.520Z,,Custom - LDAPs Cache - v3,enabled,2020-03-16T13:02:58.520Z,
sys_claims_moj_api,r1c3dev_awsbdlc3dmua01,sys_claims_moj_api-1.0.1-334.zip,STARTED,17.4days,moj-api,v1:16059135,groupId:80b9d969-5f1f-4d34-9e3d-9318f1ad915a:assetId:moj-api,v1,2020-06-19T16:14:15.099Z,2020-03-16T12:31:39.695Z,,Custom - LDAPs Cache - v3,enabled,2020-03-16T12:31:39.695Z,
prc_policy_getMotorQuotePrice_api,r1c3dev_awsbdlc3dmua01,prc_policy_getMotorQuotePrice_api-1.0.1-430.zip,STARTED,4.22days,motor-quote-price-api,v1:16072002,groupId:80b9d969-5f1f-4d34-9e3d-9318f1ad915a:assetId:motor-quote-price-api,v1,2020-06-19T16:14:14.774Z,2020-03-24T12:40:43.326Z,,Custom - LDAPs Cache - v3,Disabled,2020-03-24T12:40:43.326Z,2020-06-02T13:18:41.639Z
sys_claims_oanda_api,r1c3dev_awsbdlc3dmua01,sys_claims_oanda_api-1.0.1-322.zip,STARTED,17.4days,oanda-api,v1:16059141,groupId:80b9d969-5f1f-4d34-9e3d-9318f1ad915a:assetId:oanda-api,v1,2020-06-19T16:14:16.238Z,2020-03-16T12:33:21.059Z,,,,,
sys_opentext_documents_resend_api,r1c3dev_awsbdlc3dmua01,sys_opentext_documents_resend_api-1.0.1-248.zip,STARTED,17.39days,ot-documents-resend-api,v1:16059143,groupId:80b9d969-5f1f-4d34-9e3d-9318f1ad915a:assetId:ot-documents-resend-api,v1,2020-06-19T16:14:16.460Z,2020-03-16T12:34:11.072Z,,Custom - LDAPs Cache - v3,enabled,2020-03-16T12:34:11.072Z,
sys_claims_paymentsearch_api,r1c3dev_awsbdlc3dmua01,sys_claims_paymentsearch_api-1.0.1-337.zip,STARTED,17.4days,payment-search-api,v1:16059144,groupId:80b9d969-5f1f-4d34-9e3d-9318f1ad915a:assetId:payment-search-api,v1,2020-06-19T16:14:14.245Z,2020-03-16T12:35:01.479Z,,Custom - LDAPs Cache - v3,enabled,2020-03-16T12:35:01.479Z,
prc_policy_getPCWMotorQuotePrice_api,r1c3dev_awsbdlc3dmua01,prc_policy_getPCWMotorQuotePrice_api-1.0.1-504.zip,STARTED,.29days,pcw-motor-quote-price-api,v1:16059147,groupId:80b9d969-5f1f-4d34-9e3d-9318f1ad915a:assetId:pcw-motor-quote-price-api,v1,2020-06-19T16:14:17.204Z,2020-03-16T12:35:50.318Z,,Custom - LDAPs Cache - v3,enabled,2020-03-16T12:35:50.318Z,
sys_policy_billing_api,r1c3dev_awsbdlc3dmua01,sys_policy_billing_api-1.0.1-376.zip,STARTED,14.07days,policy-billing-api,v1:16059183,groupId:80b9d969-5f1f-4d34-9e3d-9318f1ad915a:assetId:policy-billing-api,v1,2020-06-19T16:14:10.251Z,2020-03-16T12:54:52.756Z,,Custom - LDAPs Cache - v3,enabled,2020-03-16T12:54:52.756Z,
sys_policy_billingsummary_api,r1c3dev_awsbdlc3dmua01,sys_policy_billingsummary_api-1.0.1-287.zip,STARTED,17.4days,policy-billingsummary-api,v1:16059214,groupId:80b9d969-5f1f-4d34-9e3d-9318f1ad915a:assetId:policy-billingsummary-api,v1,2020-06-19T16:14:07.737Z,2020-03-16T13:05:26.057Z,,Custom - LDAPs Cache - v3,enabled,2020-03-16T13:05:26.057Z,
sys_billing_policycancellation_api,r1c3dev_awsbdlc3dmua01,sys_billing_policycancellation_api-1.0.1-217.zip,STARTED,17.4days,policy-cancellation-api,v1:16059217,groupId:80b9d969-5f1f-4d34-9e3d-9318f1ad915a:assetId:policy-cancellation-api,v1,2020-06-19T16:14:10.665Z,2020-03-16T13:06:13.071Z,,Custom - LDAPs Cache - v3,enabled,2020-03-16T13:06:13.071Z,
sys_policy_claims_api,r1c3dev_awsbdlc3dmua01,sys_policy_claims_api-1.0.1-217.zip,STARTED,17.4days,policy-claims-api,v1:16059219,groupId:80b9d969-5f1f-4d34-9e3d-9318f1ad915a:assetId:policy-claims-api,v1,2020-06-19T16:14:10.770Z,2020-03-16T13:07:00.359Z,,Custom - LDAPs Cache - v3,enabled,2020-03-16T13:07:00.359Z,
exp_policy_fraudcheck_api,r1c3dev_awsbdlc3dmua01,exp_policy_fraudcheck_api-1.0.1-217.zip,STARTED,17.4days,policy-fraud-check-api,v1:16059152,groupId:80b9d969-5f1f-4d34-9e3d-9318f1ad915a:assetId:policy-fraud-check-api,v1,2020-06-19T16:14:14.142Z,2020-03-16T12:36:39.900Z,,Custom - LDAPs Cache - v3,enabled,2020-03-16T12:36:39.900Z,
sys_gw_policy_quotevalidation_api,r1c3dev_awsbdlc3dmua01,sys_gw_policy_quotevalidation_api-1.0.1-291.zip,STARTED,17.4days,policy-quote-validation,v1:16059153,groupId:80b9d969-5f1f-4d34-9e3d-9318f1ad915a:assetId:policy-quote-validation,v1,2020-06-19T16:14:09.216Z,2020-03-16T12:37:37.162Z,,Custom - LDAPs Cache - v3,enabled,2020-03-16T12:37:37.162Z,
sys_policycenter_policyrenewal_api,r1c3dev_awsbdlc3dmua01,sys_policycenter_policyrenewal_api-1.0.1-266.zip,STARTED,17.4days,policy-renewal-api,v1:16072058,groupId:80b9d969-5f1f-4d34-9e3d-9318f1ad915a:assetId:policy-renewal-api,v1,2020-06-19T16:14:15.618Z,2020-03-24T13:41:57.168Z,,Custom - LDAPs Cache - v3,enabled,2020-03-24T13:41:57.168Z,
exp_gw_claims_policyretrieve_api,r1c3dev_awsbdlc3dmua01,exp_gw_claims_policyretrieve_api-1.0.1-366.zip,STARTED,16.09days,policy-retrive-api,v1:16059156,groupId:80b9d969-5f1f-4d34-9e3d-9318f1ad915a:assetId:policy-retrive-api,v1,2020-06-19T16:14:07.944Z,2020-03-16T12:39:11.672Z,,Custom - LDAPs Cache - v3,enabled,2020-03-16T12:39:11.672Z,
prc_ccm_search_account_api,r1c3dev_awsbdlc3dmua01,prc_ccm_search_account_api-1.0.0-360.zip,STARTED,17.4days,prc_ccm_search_account,1.0.0:16059025,groupId:80b9d969-5f1f-4d34-9e3d-9318f1ad915a:assetId:prc_ccm_search_account,1.0.0,2020-06-19T16:14:12.351Z,2020-03-16T11:35:50.667Z,,Custom - LDAPs Cache - v4,enabled,2020-03-16T11:35:50.667Z,
prc_customer_account_api,r1c3dev_awsbdlc3dmua01,prc_customer_account_api-1.0.0-370.zip,STARTED,14.3days,prc_customer_account_api,1.0:16060311,groupId:80b9d969-5f1f-4d34-9e3d-9318f1ad915a:assetId:prc_customer_account_api,1.0,2020-06-19T16:14:08.591Z,2020-03-17T05:07:57.400Z,,Custom - LDAPs Cache - v4,enabled,2020-03-17T05:07:57.400Z,
prc_customer_submission_api,r1c3dev_awsbdlc3dmua01,prc_customer_submission_api-1.0.1-23.zip,STARTED,17.4days,prc-customer-submission-api,1.0:16059021,groupId:80b9d969-5f1f-4d34-9e3d-9318f1ad915a:assetId:prc-customer-submission-api,1.0,2020-06-19T16:14:16.134Z,2020-03-16T11:33:12.479Z,,Custom - LDAPs Cache - v4,enabled,2020-03-16T11:33:12.479Z,
prc_getMultipleMarketingPreferences_api,r1c3dev_awsbdlc3dmua01,prc_getMultipleMarketingPreferences_api-1.0.0-155.zip,STARTED,17.39days,prc-getmultiplemarketingpreferences-api,v1:16059022,groupId:80b9d969-5f1f-4d34-9e3d-9318f1ad915a:assetId:prc-getmultiplemarketingpreferences-api,v1,2020-06-19T16:14:16.991Z,2020-03-16T11:34:09.541Z,,Custom - LDAPs Cache - v4,enabled,2020-03-16T11:34:09.541Z,
prc_gw_getClaims_api,r1c3dev_awsbdlc3dmua01,prc_gw_getClaims_api-1.0.0-372.zip,STARTED,14.29days,prc-gw-getclaims-api,v1:16059023,groupId:80b9d969-5f1f-4d34-9e3d-9318f1ad915a:assetId:prc-gw-getclaims-api,v1,2020-06-19T16:14:08.699Z,2020-03-16T11:35:02.170Z,,Custom - LDAPs Cache - v4,enabled,2020-03-16T11:35:02.170Z,
sys_gw_billing_previoustermdata_api,r1c3dev_awsbdlc3dmua01,sys_gw_billing_previoustermdata_api-1.0.0-404.zip,STARTED,7.46days,previoustermdata-api,v1:16059051,groupId:80b9d969-5f1f-4d34-9e3d-9318f1ad915a:assetId:previoustermdata-api,v1,2020-06-19T16:14:13.722Z,2020-03-16T11:49:58.079Z,,Custom - LDAPs Cache - v3,Disabled,2020-03-16T11:49:58.079Z,2020-06-12T05:00:12.764Z
sys_dataplatform_crud_proxy_api,r1c3dev_awsbdlc3dmua01,sys_dataplatform_crud_proxy_api-1.0.1-425.zip,STARTED,4.26days,barring-ui,1.0:16060312,groupId:80b9d969-5f1f-4d34-9e3d-9318f1ad915a:assetId:barring-ui,1.0,2020-06-19T16:14:12.141Z,2020-03-17T05:08:39.411Z,,Cross-Origin resource sharing,enabled,2020-03-17T05:08:39.411Z,
sys_dataplatform_quote_manipulation_api,r1c3dev_awsbdlc3dmua01,sys_dataplatform_quote_manipulation_api-1.0.0-305.zip,STARTED,17.4days,quote-manipulation,1.0:16059053,groupId:80b9d969-5f1f-4d34-9e3d-9318f1ad915a:assetId:quote-manipulation,1.0,2020-06-19T16:14:05.719Z,2020-03-16T11:50:50.136Z,,Custom - LDAPs Cache - v4,enabled,2020-03-16T11:50:50.136Z,
sys_radar_policy_getMotorPrice_api,r1c3dev_awsbdlc3dmua01,sys_radar_policy_getMotorPrice_api-1.0.1-390.zip,STARTED,8.07days,radar-live-motor-api,v1:16059157,groupId:80b9d969-5f1f-4d34-9e3d-9318f1ad915a:assetId:radar-live-motor-api,v1,2020-06-19T16:14:09.528Z,2020-03-16T12:40:01.243Z,,Custom - LDAPs Cache - v3,enabled,2020-03-16T12:40:01.243Z,
sys_radar_policy_getLinkedrescuePrice_api,r1c3dev_awsbdlc3dmua01,sys_radar_policy_getLinkedrescuePrice_api-1.0.1-411.zip,STARTED,7.19days,radar-live-rescue-api,v1:16060315,groupId:80b9d969-5f1f-4d34-9e3d-9318f1ad915a:assetId:radar-live-rescue-api,v1,2020-06-19T16:14:08.906Z,2020-03-17T05:10:17.759Z,,Custom - LDAPs Cache - v3,enabled,2020-03-17T05:10:17.759Z,
sys_radarOnDemand_policy_getMotorPrice_api,r1c3dev_awsbdlc3dmua01,sys_radarOnDemand_policy_getMotorPrice_api-1.0.1-392.zip,STARTED,8.07days,radar-ondemad-motor-api,v1:16059159,groupId:80b9d969-5f1f-4d34-9e3d-9318f1ad915a:assetId:radar-ondemad-motor-api,v1,2020-06-19T16:14:09.319Z,2020-03-16T12:41:57.849Z,,Custom - LDAPs Cache - v3,enabled,2020-03-16T12:41:57.849Z,
sys_radarOnDemand_policy_getLinkedrescuePrice_api,r1c3dev_awsbdlc3dmua01,sys_radarOnDemand_policy_getLinkedrescuePrice_api-1.0.1-410.zip,STARTED,7.21days,radar-ondemad-rescue-api,v1:16059160,groupId:80b9d969-5f1f-4d34-9e3d-9318f1ad915a:assetId:radar-ondemad-rescue-api,v1,2020-06-19T16:14:13.929Z,2020-03-16T12:42:53.640Z,,Custom - LDAPs Cache - v3,enabled,2020-03-16T12:42:53.640Z,
sys_claims_recoverysearch_api,r1c3dev_awsbdlc3dmua01,sys_claims_recoverysearch_api-1.0.1-315.zip,STARTED,17.4days,recovery-search-api,v1:16059161,groupId:80b9d969-5f1f-4d34-9e3d-9318f1ad915a:assetId:recovery-search-api,v1,2020-06-19T16:14:13.617Z,2020-03-16T12:43:42.522Z,,Custom - LDAPs Cache - v3,enabled,2020-03-16T12:43:42.522Z,
exp_gw_policy_claimpolicysearch_api,r1c3dev_awsbdlc3dmua01,exp_gw_policy_claimpolicysearch_api-1.0.1-281.zip,STARTED,17.4days,reindex-claimandpolicy-search-api,v1:16059162,groupId:80b9d969-5f1f-4d34-9e3d-9318f1ad915a:assetId:reindex-claimandpolicy-search-api,v1,2020-06-19T16:14:09.734Z,2020-03-16T12:44:38.654Z,,Custom - LDAPs Cache - v3,enabled,2020-03-16T12:44:38.654Z,
sys_quotestore_policy_retrievepcwquote_api,r1c3dev_awsbdlc3dmua01,sys_quotestore_policy_retrievepcwquote_api-1.0.1-290.zip,STARTED,17.4days,retrive-pcw-quote-api,v1:16059163,groupId:80b9d969-5f1f-4d34-9e3d-9318f1ad915a:assetId:retrive-pcw-quote-api,v1,2020-06-19T16:14:14.560Z,2020-03-16T12:45:28.459Z,,Custom - LDAPs Cache - v3,enabled,2020-03-16T12:45:28.459Z,
prc_smartcomms_documents_api,r1c3dev_awsbdlc3dmua01,prc_smartcomms_documents_api-1.0.1-226.zip,STARTED,17.4days,sc-documents-api,v1:16060316,groupId:80b9d969-5f1f-4d34-9e3d-9318f1ad915a:assetId:sc-documents-api,v1,2020-06-19T16:14:13.099Z,2020-03-17T05:11:21.612Z,,Custom - LDAPs Cache - v4,enabled,2020-03-17T05:11:21.612Z,
sys_smartcomms_documents_docprod_api,r1c3dev_awsbdlc3dmua01,sys_smartcomms_documents_docprod_api-1.0.1-254.zip,STARTED,10.41days,sc-documents-docprod-api,v1:16059167,groupId:80b9d969-5f1f-4d34-9e3d-9318f1ad915a:assetId:sc-documents-docprod-api,v1,2020-06-19T16:14:05.825Z,2020-03-16T12:46:23.972Z,,Custom - LDAPs Cache - v3,enabled,2020-03-16T12:46:23.972Z,
sys_smartcomms_documents_missingfields_api,r1c3dev_awsbdlc3dmua01,sys_smartcomms_documents_missingfields_api-1.0.1-339.zip,STARTED,17.4days,sc-documents-missingfileds-api,v1:16059168,groupId:80b9d969-5f1f-4d34-9e3d-9318f1ad915a:assetId:sc-documents-missingfileds-api,v1,2020-06-19T16:14:08.800Z,2020-03-16T12:47:11.169Z,,Custom - LDAPs Cache - v3,enabled,2020-03-16T12:47:11.169Z,
sys_quotestore_policy_searchpcwquote_api,r1c3dev_awsbdlc3dmua01,sys_quotestore_policy_searchpcwquote_api-1.0.1-361.zip,STARTED,17.4days,search-pcw-quote-api,v1:16059169,groupId:80b9d969-5f1f-4d34-9e3d-9318f1ad915a:assetId:search-pcw-quote-api,v1,2020-06-19T16:14:12.457Z,2020-03-16T12:47:58.261Z,,Custom - LDAPs Cache - v3,Disabled,2020-03-16T12:47:58.261Z,
sys_policy_sendtotallossindicator_api,r1c3dev_awsbdlc3dmua01,sys_policy_sendtotallossindicator_api-1.0.0-325.zip,STARTED,17.4days,sendtotallossindicatorapi,v1:16059172,groupId:80b9d969-5f1f-4d34-9e3d-9318f1ad915a:assetId:sendtotallossindicatorapi,v1,2020-06-19T16:14:12.040Z,2020-03-16T12:48:46.825Z,,Custom - LDAPs Cache - v3,enabled,2020-03-16T12:48:46.825Z,
,,,,,sf-customer-sync-account-api,v1:16162108,groupId:80b9d969-5f1f-4d34-9e3d-9318f1ad915a:assetId:sf-customer-sync-account-api,v1,2020-06-19T16:14:14.454Z,2020-05-21T07:38:26.359Z,,,,,
sys_sms_documents_distribution_api,r1c3dev_awsbdlc3dmua01,sys_sms_documents_distribution_api-1.0.1-261.zip,STARTED,17.4days,sms-document-distribution-api,v1:16162109,groupId:80b9d969-5f1f-4d34-9e3d-9318f1ad915a:assetId:sms-document-distribution-api,v1,2020-06-19T16:14:11.920Z,2020-05-21T07:39:35.939Z,,Custom - LDAPs Cache - v3,enabled,2020-05-21T07:39:35.939Z,
sys_sms_documentsinb_distribution_api,r1c3dev_awsbdlc3dmua01,sys_sms_documentsinb_distribution_api-1.0.1-255.zip,STARTED,17.4days,sms-notify-document-distribution-api,v1:16059175,groupId:80b9d969-5f1f-4d34-9e3d-9318f1ad915a:assetId:sms-notify-document-distribution-api,v1,2020-06-19T16:14:06.663Z,2020-03-16T12:50:29.662Z,,Custom - LDAPs Cache - v3,enabled,2020-03-16T12:50:29.662Z,
sys_billing_liabilitysuspension_api,r1c3dev_awsbdlc3dmua01,sys_billing_liabilitysuspension_api-1.0.0-264.zip,STARTED,17.4days,sysbillingliabilitysuspensionapi,v1:16059060,groupId:80b9d969-5f1f-4d34-9e3d-9318f1ad915a:assetId:sysbillingliabilitysuspensionapi,v1,2020-06-19T16:14:11.180Z,2020-03-16T11:54:53.205Z,,Custom - LDAPs Cache - v3,enabled,2020-03-16T11:54:53.205Z,
sys_claims_deop_api,r1c3dev_awsbdlc3dmua01,sys_claims_deop_api-1.0.1-303.zip,STARTED,17.4days,sys-claims-deop-api,v1:16162110,groupId:80b9d969-5f1f-4d34-9e3d-9318f1ad915a:assetId:sys-claims-deop-api,v1,2020-06-19T16:14:09.939Z,2020-05-21T07:40:22.535Z,,Custom - LDAPs Cache - v3,enabled,2020-05-21T07:40:22.535Z,
sys_digital_policy_account_api,r1c3dev_awsbdlc3dmua01,sys_digital_policy_account_api-1.0.1-321.zip,STARTED,17.4days,sysdigitalpolicyaccountapi,v1:16059062,groupId:80b9d969-5f1f-4d34-9e3d-9318f1ad915a:assetId:sysdigitalpolicyaccountapi,v1,2020-06-19T16:14:05.404Z,2020-03-16T11:55:44.195Z,,Custom - LDAPs Cache - v3,enabled,2020-03-16T11:55:44.195Z,
sys_gw_customer_account_api,r1c3dev_awsbdlc3dmua01,sys_gw_customer_account_api-1.0.0-371.zip,STARTED,14.3days,sys_gw_customer_account_api,1.0:16162111,groupId:80b9d969-5f1f-4d34-9e3d-9318f1ad915a:assetId:sys_gw_customer_account_api,1.0,2020-06-19T16:14:15.412Z,2020-05-21T07:41:09.860Z,,,,,
sys_gw_customer_submission_api,r1c3dev_awsbdlc3dmua01,sys_gw_customer_submission_api-1.0.0-252.zip,STARTED,17.39days,sys-gw-customer-submission-api,v1:16059027,groupId:80b9d969-5f1f-4d34-9e3d-9318f1ad915a:assetId:sys-gw-customer-submission-api,v1,2020-06-19T16:14:16.667Z,2020-03-16T11:36:39.447Z,,Custom - LDAPs Cache - v3,enabled,2020-03-16T11:36:39.447Z,
sys_gw_getClaimBrandSummary_api,r1c3dev_awsbdlc3dmua01,sys_gw_getClaimBrandSummary_api-1.0.0-373.zip,STARTED,14.29days,sys-gw-getclaimbrandsummary-api,v1:16059029,groupId:80b9d969-5f1f-4d34-9e3d-9318f1ad915a:assetId:sys-gw-getclaimbrandsummary-api,v1,2020-06-19T16:15:31.334Z,2020-03-16T11:37:34.342Z,,Custom - LDAPs Cache - v4,enabled,2020-03-16T11:37:34.342Z,
sys_gw_getPolicyBrandSummary_api,r1c3dev_awsbdlc3dmua01,sys_gw_getPolicyBrandSummary_api-1.0.0-299.zip,STARTED,17.39days,sys-gw-getpolicybrandsummary-api,v1:16059030,groupId:80b9d969-5f1f-4d34-9e3d-9318f1ad915a:assetId:sys-gw-getpolicybrandsummary-api,v1,2020-06-19T16:15:14.043Z,2020-03-16T11:38:24.007Z,,Custom - LDAPs Cache - v4,Disabled,2020-03-16T11:38:24.007Z,2020-05-26T13:28:11.796Z
sys_gw_getQuoteBrandSummary_api,r1c3dev_awsbdlc3dmua01,sys_gw_getQuoteBrandSummary_api-1.0.0-374.zip,STARTED,14.29days,sys-gw-getquotebrandsummary-api,v1:16059031,groupId:80b9d969-5f1f-4d34-9e3d-9318f1ad915a:assetId:sys-gw-getquotebrandsummary-api,v1,2020-06-19T16:15:07.051Z,2020-03-16T11:39:16.606Z,,Custom - LDAPs Cache - v4,Disabled,2020-03-16T11:39:16.606Z,2020-03-18T12:47:19.507Z
sys_gw_policy_policyRenewals_api,r1c3dev_awsbdlc3dmua01,sys_gw_policy_policyRenewals_api-1.0.1-342.zip,STARTED,17.4days,sys_gw_policy_policyrenewals_api,v1:16059155,groupId:80b9d969-5f1f-4d34-9e3d-9318f1ad915a:assetId:sys_gw_policy_policyrenewals_api,v1,2020-06-19T16:15:33.387Z,2020-03-16T12:38:24.046Z,,Custom - LDAPs Cache - v4,enabled,2020-03-16T12:38:24.046Z,
sys_marketingpreferences_api,r1c3dev_awsbdlc3dmua01,sys_marketingpreferences_api-1.0.0-296.zip,STARTED,17.4days,sys-marketing-preferences-api,v1:16059034,groupId:80b9d969-5f1f-4d34-9e3d-9318f1ad915a:assetId:sys-marketing-preferences-api,v1,2020-06-19T16:15:10.007Z,2020-03-16T11:40:15.575Z,,Custom - LDAPs Cache - v4,enabled,2020-03-16T11:40:15.575Z,
,,,,,sys-mib-dvla-api,v1:16204456,groupId:80b9d969-5f1f-4d34-9e3d-9318f1ad915a:assetId:sys-mib-dvla-api,v1,2020-06-19T16:15:14.806Z,2020-06-15T06:20:00.890Z,,,,,
sys_policy_telematics_datapush_api,r1c3dev_awsbdlc3dmua01,sys_policy_telematics_datapush_api-1.0.1-311.zip,STARTED,17.4days,sys_policy_telematics_datapush_api,1.0:16059059,groupId:80b9d969-5f1f-4d34-9e3d-9318f1ad915a:assetId:sys_policy_telematics_datapush_api,1.0,2020-06-19T16:15:07.684Z,2020-03-16T11:54:05.890Z,,Azure JWT Validation - v1,enabled,2020-03-16T11:54:05.890Z,
sys_sf_activities_api,r1c3dev_awsbdlc3dmua01,sys_sf_activities_api-1.0.0-307.zip,STARTED,17.4days,system-gw-activities,v1:16059035,groupId:80b9d969-5f1f-4d34-9e3d-9318f1ad915a:assetId:system-gw-activities,v1,2020-06-19T16:15:32.001Z,2020-03-16T11:41:03.857Z,,Custom - LDAPs Cache - v3,enabled,2020-03-16T11:41:03.857Z,
sys_telematics_app_scores_api,r1c3dev_awsbdlc3dmua01,sys_telematics_app_scores_api-1.0.1-268.zip,STARTED,17.4days,telematics-app-policy-scores-api,v1:16059066,groupId:80b9d969-5f1f-4d34-9e3d-9318f1ad915a:assetId:telematics-app-policy-scores-api,v1,2020-06-19T16:15:34.179Z,2020-03-16T11:58:11.151Z,,Custom - LDAPs Cache - v3,enabled,2020-03-16T11:58:11.151Z,
sys_telematics_datapush_routing_api,r1c3dev_awsbdlc3dmua01,sys_telematics_datapush_routing_api-1.0.0-295.zip,STARTED,17.4days,telematics-datapush-routing-api,v1:16059037,groupId:80b9d969-5f1f-4d34-9e3d-9318f1ad915a:assetId:telematics-datapush-routing-api,v1,2020-06-19T16:15:34.284Z,2020-03-16T11:41:52.949Z,,,,,
sys_policy_telematics_policyanddrivers_api,r1c3dev_awsbdlc3dmua01,sys_policy_telematics_policyanddrivers_api-1.0.1-314.zip,STARTED,17.4days,telematics-policy-and-driver-api,v1:16059065,groupId:80b9d969-5f1f-4d34-9e3d-9318f1ad915a:assetId:telematics-policy-and-driver-api,v1,2020-06-19T16:15:11.680Z,2020-03-16T11:57:23.212Z,,Custom - LDAPs Cache - v3,enabled,2020-03-16T11:57:23.212Z,
sys_policy_telematics_scores_api,r1c3dev_awsbdlc3dmua01,sys_policy_telematics_scores_api-1.0.1-316.zip,STARTED,17.4days,telematics-score-api,v1:16162113,groupId:80b9d969-5f1f-4d34-9e3d-9318f1ad915a:assetId:telematics-score-api,v1,2020-06-19T16:15:10.684Z,2020-05-21T07:41:56.984Z,,Custom - LDAPs Cache - v3,enabled,2020-05-21T07:41:56.984Z,
sys_policy_telematics_sendorder_api,r1c3dev_awsbdlc3dmua01,sys_policy_telematics_sendorder_api-1.0.1-216.zip,STARTED,17.4days,telematics-sendorder-api,v1:16059176,groupId:80b9d969-5f1f-4d34-9e3d-9318f1ad915a:assetId:telematics-sendorder-api,v1,2020-06-19T16:15:34.812Z,2020-03-16T12:51:23.192Z,,Custom - LDAPs Cache - v3,enabled,2020-03-16T12:51:23.192Z,
sys_quotestore_policy_updatepcwquotestatus_api,r1c3dev_awsbdlc3dmua01,sys_quotestore_policy_updatepcwquotestatus_api-1.0.1-317.zip,STARTED,17.4days,update-pcw-quote-status-api,v1:16059177,groupId:80b9d969-5f1f-4d34-9e3d-9318f1ad915a:assetId:update-pcw-quote-status-api,v1,2020-06-19T16:15:31.441Z,2020-03-16T12:52:18.783Z,,Custom - LDAPs Cache - v3,enabled,2020-03-16T12:52:18.783Z,
sys_claims_vehiclelookup_api,r1c3dev_awsbdlc3dmua01,sys_claims_vehiclelookup_api-1.0.1-272.zip,STARTED,17.4days,vehicle-lookup-api,v1:16059179,groupId:80b9d969-5f1f-4d34-9e3d-9318f1ad915a:assetId:vehicle-lookup-api,v1,2020-06-19T16:15:32.561Z,2020-03-16T12:53:08.586Z,,Custom - LDAPs Cache - v3,enabled,2020-03-16T12:53:08.586Z,
sys_gw_worldpay_notifications_api,r1c3dev_awsbdlc3dmua01,sys_gw_worldpay_notifications_api-1.0.1-216.zip,DEPLOYMENT_FAILED,-.0days,Worldpay-Notification-API,v1:16059226,groupId:80b9d969-5f1f-4d34-9e3d-9318f1ad915a:assetId:Worldpay-Notification-API,v1,,2020-03-16T13:11:53.677Z,,Custom - LDAPs Cache - v4,enabled,2020-03-16T13:11:53.677Z,
sys_gw_worldpay_notifications_api,r1c3dev_awsbdlc3dmua01,sys_gw_worldpay_notifications_api-1.0.1-216.zip,DEPLOYMENT_FAILED,-.0days,worldpay-notification---card-updater-notification-api,v1:16059181,groupId:80b9d969-5f1f-4d34-9e3d-9318f1ad915a:assetId:worldpay-notification---card-updater-notification-api,v1,2020-05-29T12:46:43.824Z,2020-03-16T12:54:02.549Z,,Custom - LDAPs Cache - v3,enabled,2020-03-16T12:54:02.549Z,
sys_gw_worldpay_payment_api,r1c3dev_awsbdlc3dmua01,sys_gw_worldpay_payment_api-1.0.1-245.zip,STARTED,17.4days,worldpay-payment-api,v1:16059228,groupId:80b9d969-5f1f-4d34-9e3d-9318f1ad915a:assetId:worldpay-payment-api,v1,2020-06-19T16:15:33.279Z,2020-03-16T13:12:42.139Z,,Custom - LDAPs Cache - v3,enabled,2020-03-16T13:12:42.139Z,
